,optimizer,learning_rate,regularizer,regularizer_lambda,batch_size,rmse,epoch,train_time
0,Adam,0.005,l0,-inf,32,58982.95145071485,29,15.8560152053833
1,Adam,0.005,l1,0.001,32,115882.35746534119,8,5.842113971710205
2,Adam,0.005,l1,0.0001,32,64525.39301683208,36,23.58598780632019
3,Adam,0.005,l1,1e-05,32,60878.06414380996,25,16.385130643844604
4,Adam,0.005,l2,0.001,32,67472.72888334877,27,18.326530933380127
5,Adam,0.005,l2,0.0001,32,61958.379978783094,64,42.69616389274597
6,Adam,0.005,l2,1e-05,32,61788.5115352225,42,28.499425172805786
7,Adam,0.005,l0,-inf,64,59967.87149507812,24,7.134313583374023
8,Adam,0.005,l1,0.001,64,114447.2492009484,9,3.42832088470459
9,Adam,0.005,l1,0.0001,64,63007.25142529902,38,13.020079374313354
10,Adam,0.005,l1,1e-05,64,58432.37034897415,53,18.78969931602478
11,Adam,0.005,l2,0.001,64,69069.3413716975,31,11.207200765609741
12,Adam,0.005,l2,0.0001,64,61750.22145555497,48,17.316171407699585
13,Adam,0.005,l2,1e-05,64,59475.71636555732,23,8.208964347839355
14,Adam,0.005,l0,-inf,128,77912.95701484622,34,5.624090671539307
15,Adam,0.005,l1,0.001,128,116362.19444840032,8,1.7857530117034912
16,Adam,0.005,l1,0.0001,128,62275.51452662803,47,9.1639986038208
17,Adam,0.005,l1,1e-05,128,55647.52790186708,61,11.764975786209106
18,Adam,0.005,l2,0.001,128,69488.7165086667,14,2.935149908065796
19,Adam,0.005,l2,0.0001,128,63730.791837408186,34,6.865107536315918
20,Adam,0.005,l2,1e-05,128,64253.47519587656,57,11.388375997543335
21,Adam,0.005,l0,-inf,256,57076.53623585234,69,7.453803062438965
22,Adam,0.005,l1,0.001,256,112314.78051046364,8,1.0532619953155518
23,Adam,0.005,l1,0.0001,256,64282.53208120131,47,5.848569869995117
24,Adam,0.005,l1,1e-05,256,60695.40543650029,36,4.46352219581604
25,Adam,0.005,l2,0.001,256,68839.46453785924,72,9.369418621063232
26,Adam,0.005,l2,0.0001,256,62709.231278099134,17,2.31352162361145
27,Adam,0.005,l2,1e-05,256,61991.86962981732,23,3.0643579959869385
28,Adam,0.005,l0,-inf,512,59420.81854552782,40,3.370993137359619
29,Adam,0.005,l1,0.001,512,66247.33427990411,75,6.641622066497803
30,Adam,0.005,l1,0.0001,512,70282.10763769547,32,3.0103390216827393
31,Adam,0.005,l1,1e-05,512,60350.1396108137,45,4.041106462478638
32,Adam,0.005,l2,0.001,512,71860.49012798272,13,1.3049581050872803
33,Adam,0.005,l2,0.0001,512,64843.68306358856,68,6.211137294769287
34,Adam,0.005,l2,1e-05,512,68373.2744302002,38,3.5305840969085693
35,Adam,0.005,l0,-inf,1024,57111.237937889004,78,6.01557469367981
36,Adam,0.005,l1,0.001,1024,115860.78504426683,9,0.7482891082763672
37,Adam,0.005,l1,0.0001,1024,64514.71352106618,96,7.648967742919922
38,Adam,0.005,l1,1e-05,1024,58935.1334699274,111,8.840908527374268
39,Adam,0.005,l2,0.001,1024,76174.11362380204,17,1.4071664810180664
40,Adam,0.005,l2,0.0001,1024,64640.9036582026,41,3.3403496742248535
41,Adam,0.005,l2,1e-05,1024,70777.50726628418,66,5.345483303070068
42,Adam,0.005,l0,-inf,2048,62933.68692023717,85,6.115170001983643
43,Adam,0.005,l1,0.001,2048,108494.15075662704,12,0.9580597877502441
44,Adam,0.005,l1,0.0001,2048,71729.0691289113,80,5.884292840957642
45,Adam,0.005,l1,1e-05,2048,74205.86092459864,74,5.552159547805786
46,Adam,0.005,l2,0.001,2048,81115.53335293075,31,2.315678119659424
47,Adam,0.005,l2,0.0001,2048,63684.25417451636,41,3.240570306777954
48,Adam,0.005,l2,1e-05,2048,77028.03022335787,59,4.411781072616577
49,Adam,0.005,l0,-inf,inf,62794.24857614946,157,14.061955451965332
50,Adam,0.005,l1,0.001,inf,74413.81065803763,112,10.2200186252594
51,Adam,0.005,l1,0.0001,inf,76913.31212564679,89,8.052686214447021
52,Adam,0.005,l1,1e-05,inf,124556.48347264806,9,0.8946874141693115
53,Adam,0.005,l2,0.001,inf,77321.86506030461,76,7.049037218093872
54,Adam,0.005,l2,0.0001,inf,125774.44181032541,9,0.9138810634613037
55,Adam,0.005,l2,1e-05,inf,134206.86384290663,9,0.946770429611206
56,Adam,0.001,l0,-inf,32,54197.687443175215,38,20.489179611206055
57,Adam,0.001,l1,0.001,32,116232.57078613494,8,5.745110750198364
58,Adam,0.001,l1,0.0001,32,61348.56025077815,101,65.74905061721802
59,Adam,0.001,l1,1e-05,32,56107.397945655604,51,33.055110454559326
60,Adam,0.001,l2,0.001,32,65713.27094252812,51,34.48974800109863
61,Adam,0.001,l2,0.0001,32,60680.2496515729,74,49.3540518283844
62,Adam,0.001,l2,1e-05,32,54980.110110276415,53,35.797250509262085
63,Adam,0.001,l0,-inf,64,54710.200081992996,54,15.654413938522339
64,Adam,0.001,l1,0.001,64,115108.99385986618,8,3.1959140300750732
65,Adam,0.001,l1,0.0001,64,63581.785276830626,64,22.0746488571167
66,Adam,0.001,l1,1e-05,64,57639.542367131515,81,28.82729744911194
67,Adam,0.001,l2,0.001,64,66743.07107890751,35,12.70600700378418
68,Adam,0.001,l2,0.0001,64,56126.8768043421,68,24.19899582862854
69,Adam,0.001,l2,1e-05,64,54535.44900234895,43,15.644963502883911
70,Adam,0.001,l0,-inf,128,55615.18945633543,61,10.259766817092896
71,Adam,0.001,l1,0.001,128,115328.43919135472,8,1.7246172428131104
72,Adam,0.001,l1,0.0001,128,60443.45701785718,122,23.817491054534912
73,Adam,0.001,l1,1e-05,128,57922.08786152823,109,21.057358503341675
74,Adam,0.001,l2,0.001,128,70436.38952487409,50,10.028624534606934
75,Adam,0.001,l2,0.0001,128,64156.89702242769,82,16.577019453048706
76,Adam,0.001,l2,1e-05,128,57248.21049124704,60,12.14120888710022
77,Adam,0.001,l0,-inf,256,53620.98291362371,71,7.841317176818848
78,Adam,0.001,l1,0.001,256,67951.73267518471,223,27.91273331642151
79,Adam,0.001,l1,0.0001,256,61964.13129426326,127,15.646697998046875
80,Adam,0.001,l1,1e-05,256,58994.55363270093,107,13.364779472351074
81,Adam,0.001,l2,0.001,256,75019.22113959017,19,2.5739171504974365
82,Adam,0.001,l2,0.0001,256,61007.97847703759,77,9.970873594284058
83,Adam,0.001,l2,1e-05,256,61681.916406742544,26,3.4850523471832275
84,Adam,0.001,l0,-inf,512,53672.94958844794,40,3.3984572887420654
85,Adam,0.001,l1,0.001,512,68411.79287851864,270,24.31567645072937
86,Adam,0.001,l1,0.0001,512,62255.11576615098,269,23.869614839553833
87,Adam,0.001,l1,1e-05,512,61618.01334570093,47,4.1775805950164795
88,Adam,0.001,l2,0.001,512,67704.08078730518,24,2.2398877143859863
89,Adam,0.001,l2,0.0001,512,59345.100927505686,123,11.236393213272095
90,Adam,0.001,l2,1e-05,512,57156.798434483135,48,4.53628134727478
91,Adam,0.001,l0,-inf,1024,56835.649548746194,82,6.30976128578186
92,Adam,0.001,l1,0.001,1024,110708.50224766994,10,0.986687183380127
93,Adam,0.001,l1,0.0001,1024,63813.00233167181,299,23.91072726249695
94,Adam,0.001,l1,1e-05,1024,65608.38984620363,46,3.7707762718200684
95,Adam,0.001,l2,0.001,1024,69045.31617778279,30,2.574536085128784
96,Adam,0.001,l2,0.0001,1024,67168.59695283909,68,5.6262829303741455
97,Adam,0.001,l2,1e-05,1024,58548.834186860695,72,5.836186170578003
98,Adam,0.001,l0,-inf,2048,62518.36662150012,81,6.062868356704712
99,Adam,0.001,l1,0.001,2048,111653.86880408534,14,1.1229615211486816
100,Adam,0.001,l1,0.0001,2048,70198.02116486544,85,6.345175504684448
101,Adam,0.001,l1,1e-05,2048,69593.12839769384,117,8.853973865509033
102,Adam,0.001,l2,0.001,2048,69096.45011672066,49,3.7493717670440674
103,Adam,0.001,l2,0.0001,2048,63961.60646836735,116,8.698669910430908
104,Adam,0.001,l2,1e-05,2048,58624.867957966686,81,6.322755336761475
105,Adam,0.001,l0,-inf,inf,62306.21649303422,113,10.315718412399292
106,Adam,0.001,l1,0.001,inf,110126.1986839572,34,3.161168098449707
107,Adam,0.001,l1,0.0001,inf,69840.18823903937,152,13.745210886001587
108,Adam,0.001,l1,1e-05,inf,65232.402370863936,93,8.573464393615723
109,Adam,0.001,l2,0.001,inf,69783.62530829491,124,11.46330451965332
110,Adam,0.001,l2,0.0001,inf,62550.079482345995,160,14.607422113418579
111,Adam,0.001,l2,1e-05,inf,63761.46384016769,93,8.463035821914673
112,Adam,0.0005,l0,-inf,32,55040.02460110914,46,24.533751487731934
113,Adam,0.0005,l1,0.001,32,66473.61211909266,127,81.53778290748596
114,Adam,0.0005,l1,0.0001,32,63528.19407102484,96,62.577765464782715
115,Adam,0.0005,l1,1e-05,32,55489.22332167066,76,49.33938145637512
116,Adam,0.0005,l2,0.001,32,68115.38870607996,42,28.240691661834717
117,Adam,0.0005,l2,0.0001,32,59616.767088872766,60,40.31475830078125
118,Adam,0.0005,l2,1e-05,32,55101.72346018732,76,51.31523585319519
119,Adam,0.0005,l0,-inf,64,56028.320503141455,33,9.679483413696289
120,Adam,0.0005,l1,0.001,64,66975.70156020994,169,58.470969676971436
121,Adam,0.0005,l1,0.0001,64,62035.338852643275,103,35.89965772628784
122,Adam,0.0005,l1,1e-05,64,57294.575081471885,86,29.983070373535156
123,Adam,0.0005,l2,0.001,64,69164.63335099207,69,24.93977642059326
124,Adam,0.0005,l2,0.0001,64,59237.02559301734,102,36.13026738166809
125,Adam,0.0005,l2,1e-05,64,55163.398955942066,72,25.695055961608887
126,Adam,0.0005,l0,-inf,128,54168.473554093354,39,6.692383050918579
127,Adam,0.0005,l1,0.001,128,116759.7233691856,9,1.9193215370178223
128,Adam,0.0005,l1,0.0001,128,59211.56809400473,236,45.224200963974
129,Adam,0.0005,l1,1e-05,128,60606.70765817653,117,22.599151372909546
130,Adam,0.0005,l2,0.001,128,71733.61310469983,19,3.8509275913238525
131,Adam,0.0005,l2,0.0001,128,65311.7509030325,30,6.077518939971924
132,Adam,0.0005,l2,1e-05,128,53766.40878952115,85,17.031407833099365
133,Adam,0.0005,l0,-inf,256,56915.49770036478,43,4.891618728637695
134,Adam,0.0005,l1,0.001,256,70287.79753465296,145,18.230150938034058
135,Adam,0.0005,l1,0.0001,256,61894.20388865073,294,36.50965595245361
136,Adam,0.0005,l1,1e-05,256,57784.18592678105,101,12.518178939819336
137,Adam,0.0005,l2,0.001,256,68167.44764527364,20,2.743988037109375
138,Adam,0.0005,l2,0.0001,256,66104.76323982407,39,5.2109150886535645
139,Adam,0.0005,l2,1e-05,256,62553.04760243207,63,8.09476900100708
140,Adam,0.0005,l0,-inf,512,57492.587128271596,67,5.596101522445679
141,Adam,0.0005,l1,0.001,512,68794.0938707374,499,44.78371500968933
142,Adam,0.0005,l1,0.0001,512,62857.47663904697,226,20.322035551071167
143,Adam,0.0005,l1,1e-05,512,60114.49104225854,98,8.775988340377808
144,Adam,0.0005,l2,0.001,512,67908.71562304346,23,2.2244138717651367
145,Adam,0.0005,l2,0.0001,512,62491.33259285669,39,3.585470199584961
146,Adam,0.0005,l2,1e-05,512,57376.24023393927,67,6.141093015670776
147,Adam,0.0005,l0,-inf,1024,56244.791307216125,117,8.87392544746399
148,Adam,0.0005,l1,0.001,1024,111012.24333875776,11,0.9777967929840088
149,Adam,0.0005,l1,0.0001,1024,68282.86374541846,65,5.253854990005493
150,Adam,0.0005,l1,1e-05,1024,62002.86691957437,100,8.003416299819946
151,Adam,0.0005,l2,0.001,1024,64778.0775594212,37,3.2172343730926514
152,Adam,0.0005,l2,0.0001,1024,65727.89562449805,36,2.925037384033203
153,Adam,0.0005,l2,1e-05,1024,59810.76716064835,72,5.946222543716431
154,Adam,0.0005,l0,-inf,2048,58363.00348616659,144,10.665975093841553
155,Adam,0.0005,l1,0.001,2048,111078.82830574221,16,1.2765121459960938
156,Adam,0.0005,l1,0.0001,2048,71080.59606580122,72,5.473590135574341
157,Adam,0.0005,l1,1e-05,2048,63550.21719719711,99,7.611370325088501
158,Adam,0.0005,l2,0.001,2048,68607.86411276316,68,5.154150485992432
159,Adam,0.0005,l2,0.0001,2048,62322.07377553477,89,6.725907325744629
160,Adam,0.0005,l2,1e-05,2048,69487.34790124264,94,7.110991954803467
161,Adam,0.0005,l0,-inf,inf,56599.90398922067,219,20.114794492721558
162,Adam,0.0005,l1,0.001,inf,112086.6699493393,30,2.8029916286468506
163,Adam,0.0005,l1,0.0001,inf,68655.36509359386,307,28.45943856239319
164,Adam,0.0005,l1,1e-05,inf,64794.786222951545,210,19.731650352478027
165,Adam,0.0005,l2,0.001,inf,68630.83081394079,169,15.810536623001099
166,Adam,0.0005,l2,0.0001,inf,61767.49833101876,173,16.282350301742554
167,Adam,0.0005,l2,1e-05,inf,60488.37267687529,225,20.99870204925537
168,Adam,0.0001,l0,-inf,32,53262.25464736886,53,28.346797704696655
169,Adam,0.0001,l1,0.001,32,66088.84886872514,293,188.25366353988647
170,Adam,0.0001,l1,0.0001,32,62524.52590063038,161,104.1157295703888
171,Adam,0.0001,l1,1e-05,32,55930.41319915166,174,112.62291121482849
172,Adam,0.0001,l2,0.001,32,67999.51834855323,11,7.884908437728882
173,Adam,0.0001,l2,0.0001,32,59930.5216027919,34,23.063544273376465
174,Adam,0.0001,l2,1e-05,32,57086.88678581006,46,31.12048053741455
175,Adam,0.0001,l0,-inf,64,56608.682704934115,36,10.652861833572388
176,Adam,0.0001,l1,0.001,64,69713.37370035383,499,172.05998516082764
177,Adam,0.0001,l1,0.0001,64,64388.14374250368,227,78.61389589309692
178,Adam,0.0001,l1,1e-05,64,56148.44668410693,155,53.50596857070923
179,Adam,0.0001,l2,0.001,64,67746.73241114407,20,7.594225168228149
180,Adam,0.0001,l2,0.0001,64,58914.109084553034,61,22.11839270591736
181,Adam,0.0001,l2,1e-05,64,57663.94381486721,51,18.273393154144287
182,Adam,0.0001,l0,-inf,128,55987.51744166097,39,6.6258556842803955
183,Adam,0.0001,l1,0.001,128,69306.78194811943,499,97.43576955795288
184,Adam,0.0001,l1,0.0001,128,63214.229521817004,384,74.57843375205994
185,Adam,0.0001,l1,1e-05,128,61146.6073374718,83,16.16751003265381
186,Adam,0.0001,l2,0.001,128,66496.44849225765,24,4.990637540817261
187,Adam,0.0001,l2,0.0001,128,62430.951817170164,72,14.667480945587158
188,Adam,0.0001,l2,1e-05,128,56194.76480458601,81,16.29940438270569
189,Adam,0.0001,l0,-inf,256,61341.927613222295,55,6.193228244781494
190,Adam,0.0001,l1,0.001,256,79263.14447572145,59,7.377138614654541
191,Adam,0.0001,l1,0.0001,256,62042.54175410383,499,62.247124910354614
192,Adam,0.0001,l1,1e-05,256,59536.65998879957,183,23.17115068435669
193,Adam,0.0001,l2,0.001,256,68046.34635544135,43,5.649210691452026
194,Adam,0.0001,l2,0.0001,256,58261.82666665164,87,11.234021186828613
195,Adam,0.0001,l2,1e-05,256,60424.012393697376,76,9.673318147659302
196,Adam,0.0001,l0,-inf,512,56329.253123886825,124,10.171948432922363
197,Adam,0.0001,l1,0.001,512,72290.07904538453,93,8.462488174438477
198,Adam,0.0001,l1,0.0001,512,64517.7432878044,316,28.36942982673645
199,Adam,0.0001,l1,1e-05,512,59910.698470667754,137,12.581579685211182
200,Adam,0.0001,l2,0.001,512,64183.62680234424,69,6.371292352676392
201,Adam,0.0001,l2,0.0001,512,59658.03680414788,127,11.869774580001831
202,Adam,0.0001,l2,1e-05,512,58119.76592104543,80,7.433666706085205
203,Adam,0.0001,l0,-inf,1024,57912.89201188196,164,12.651111125946045
204,Adam,0.0001,l1,0.001,1024,79077.65592946841,215,17.33517289161682
205,Adam,0.0001,l1,0.0001,1024,68116.23350595859,499,39.94551372528076
206,Adam,0.0001,l1,1e-05,1024,56371.038782029995,264,21.4273464679718
207,Adam,0.0001,l2,0.001,1024,65049.77719710407,93,7.540886640548706
208,Adam,0.0001,l2,0.0001,1024,58042.767022304004,189,15.400043487548828
209,Adam,0.0001,l2,1e-05,1024,59842.97998841522,156,12.747546434402466
210,Adam,0.0001,l0,-inf,2048,57370.259841651125,221,15.878209829330444
211,Adam,0.0001,l1,0.001,2048,107634.38018845649,61,4.535677909851074
212,Adam,0.0001,l1,0.0001,2048,66494.71640547113,410,30.779181480407715
213,Adam,0.0001,l1,1e-05,2048,64858.359363078845,199,14.884508609771729
214,Adam,0.0001,l2,0.001,2048,62656.386662349585,239,17.872310876846313
215,Adam,0.0001,l2,0.0001,2048,62434.51711730503,253,18.902469873428345
216,Adam,0.0001,l2,1e-05,2048,58195.51170696604,212,16.24558973312378
217,Adam,0.0001,l0,-inf,inf,116666.50891852209,17,1.7015390396118164
218,Adam,0.0001,l1,0.001,inf,112217.45256449115,36,3.4752564430236816
219,Adam,0.0001,l1,0.0001,inf,119431.42380609969,17,1.686194658279419
220,Adam,0.0001,l1,1e-05,inf,118169.92030894668,19,1.9785244464874268
221,Adam,0.0001,l2,0.001,inf,118097.42512392424,17,1.6710631847381592
222,Adam,0.0001,l2,0.0001,inf,113862.81960291945,16,1.582167387008667
223,Adam,0.0001,l2,1e-05,inf,115068.65354636213,18,1.8159348964691162
224,SGD,0.005,l0,-inf,32,60404.243757707874,191,73.63727307319641
225,SGD,0.005,l1,0.001,32,108603.24630610357,16,8.579675674438477
226,SGD,0.005,l1,0.0001,32,67592.22282602292,103,51.32094407081604
227,SGD,0.005,l1,1e-05,32,62479.62349189919,176,87.7930359840393
228,SGD,0.005,l2,0.001,32,67038.5640221218,159,82.26763534545898
229,SGD,0.005,l2,0.0001,32,61636.50895964138,319,165.39692401885986
230,SGD,0.005,l2,1e-05,32,63935.7363552612,308,159.6418206691742
231,SGD,0.005,l0,-inf,64,61196.79526803826,341,73.53566074371338
232,SGD,0.005,l1,0.001,64,103530.27337184221,27,7.800405263900757
233,SGD,0.005,l1,0.0001,64,67514.17313936591,192,52.21582794189453
234,SGD,0.005,l1,1e-05,64,61683.160359801026,346,94.1511583328247
235,SGD,0.005,l2,0.001,64,64280.56636274809,232,66.50626230239868
236,SGD,0.005,l2,0.0001,64,62125.56155446559,443,125.65739798545837
237,SGD,0.005,l2,1e-05,64,62808.03537932637,393,110.91836047172546
238,SGD,0.005,l0,-inf,128,63891.43224866229,499,64.71803712844849
239,SGD,0.005,l1,0.001,128,94676.68469391786,45,7.500240325927734
240,SGD,0.005,l1,0.0001,128,66344.60592100793,382,60.99693512916565
241,SGD,0.005,l1,1e-05,128,62563.54679649075,499,78.72882604598999
242,SGD,0.005,l2,0.001,128,65966.10678309006,464,75.33172750473022
243,SGD,0.005,l2,0.0001,128,63802.44921446458,499,81.34058928489685
244,SGD,0.005,l2,1e-05,128,61557.26025798431,499,81.60685515403748
245,SGD,0.005,l0,-inf,256,66273.67705714641,499,45.586785078048706
246,SGD,0.005,l1,0.001,256,95195.26613659234,85,9.036422729492188
247,SGD,0.005,l1,0.0001,256,68144.34510524181,499,53.16666841506958
248,SGD,0.005,l1,1e-05,256,65714.20804158002,499,53.331918239593506
249,SGD,0.005,l2,0.001,256,67013.81706737199,499,54.684834718704224
250,SGD,0.005,l2,0.0001,256,64544.135232151806,499,54.921016216278076
251,SGD,0.005,l2,1e-05,256,67534.79344064686,499,55.34107780456543
252,SGD,0.005,l0,-inf,512,68156.58460820606,499,37.226730823516846
253,SGD,0.005,l1,0.001,512,93986.39171127025,157,12.644156694412231
254,SGD,0.005,l1,0.0001,512,68723.65573547088,499,41.6763219833374
255,SGD,0.005,l1,1e-05,512,69363.78390632833,499,39.94147562980652
256,SGD,0.005,l2,0.001,512,70471.61008466891,499,41.17566394805908
257,SGD,0.005,l2,0.0001,512,68843.0790688898,499,41.22020411491394
258,SGD,0.005,l2,1e-05,512,67441.96712203552,499,41.088611125946045
259,SGD,0.005,l0,-inf,1024,71292.38777555499,499,36.11402440071106
260,SGD,0.005,l1,0.001,1024,98706.83042205557,314,24.127793312072754
261,SGD,0.005,l1,0.0001,1024,72433.42793102462,499,38.18374752998352
262,SGD,0.005,l1,1e-05,1024,71887.22765797794,499,37.77329754829407
263,SGD,0.005,l2,0.001,1024,71901.91846566965,499,38.24110293388367
264,SGD,0.005,l2,0.0001,1024,72435.40567290608,499,37.94657373428345
265,SGD,0.005,l2,1e-05,1024,69499.07005892013,499,38.441326379776
266,SGD,0.005,l0,-inf,2048,75611.0166929441,499,35.49389696121216
267,SGD,0.005,l1,0.001,2048,96540.85806108495,499,36.55553150177002
268,SGD,0.005,l1,0.0001,2048,77210.79286836364,499,37.17941737174988
269,SGD,0.005,l1,1e-05,2048,77450.81570148726,499,36.961501121520996
270,SGD,0.005,l2,0.001,2048,76358.46380881905,499,37.023475885391235
271,SGD,0.005,l2,0.0001,2048,75006.05349155844,499,36.87693428993225
272,SGD,0.005,l2,1e-05,2048,75892.60985135972,499,36.51355171203613
273,SGD,0.005,l0,-inf,inf,107320.9557340147,499,46.865156173706055
274,SGD,0.005,l1,0.001,inf,110630.9181426832,499,46.810866355895996
275,SGD,0.005,l1,0.0001,inf,104915.62367258217,499,47.09917426109314
276,SGD,0.005,l1,1e-05,inf,105851.2243843295,499,47.12535524368286
277,SGD,0.005,l2,0.001,inf,102026.53499447384,499,47.33478856086731
278,SGD,0.005,l2,0.0001,inf,103817.82755758651,499,47.07567572593689
279,SGD,0.005,l2,1e-05,inf,105642.80169031859,499,47.133687019348145
280,SGD,0.001,l0,-inf,32,65537.88392766274,499,187.90803933143616
281,SGD,0.001,l1,0.001,32,98681.0898189958,56,28.23822021484375
282,SGD,0.001,l1,0.0001,32,66512.46869561591,469,231.5230667591095
283,SGD,0.001,l1,1e-05,32,64212.16467202931,499,245.28664302825928
284,SGD,0.001,l2,0.001,32,66121.53629599436,499,256.72821497917175
285,SGD,0.001,l2,0.0001,32,63270.0660414886,499,256.90910816192627
286,SGD,0.001,l2,1e-05,32,64998.900263851,499,258.2589740753174
287,SGD,0.001,l0,-inf,64,67989.22724182869,499,106.24050283432007
288,SGD,0.001,l1,0.001,64,94940.014569162,104,28.524194717407227
289,SGD,0.001,l1,0.0001,64,67786.83512334104,499,135.55869579315186
290,SGD,0.001,l1,1e-05,64,65943.23626561898,499,134.92826199531555
291,SGD,0.001,l2,0.001,64,66669.94290260633,499,139.63492918014526
292,SGD,0.001,l2,0.0001,64,67368.38647993145,499,140.2360098361969
293,SGD,0.001,l2,1e-05,64,66898.61574438712,499,141.6849160194397
294,SGD,0.001,l0,-inf,128,66877.8702620261,499,64.25424814224243
295,SGD,0.001,l1,0.001,128,93302.53377948854,199,31.680880069732666
296,SGD,0.001,l1,0.0001,128,70231.31592159541,499,78.95716762542725
297,SGD,0.001,l1,1e-05,128,69946.00435644148,499,78.86094498634338
298,SGD,0.001,l2,0.001,128,69795.27050424168,499,81.64920210838318
299,SGD,0.001,l2,0.0001,128,68141.05686871576,499,81.72867250442505
300,SGD,0.001,l2,1e-05,128,69122.71421432216,499,81.02495193481445
301,SGD,0.001,l0,-inf,256,72722.48909591354,499,46.158127307891846
302,SGD,0.001,l1,0.001,256,95480.95397856538,393,41.891608476638794
303,SGD,0.001,l1,0.0001,256,70989.75866474597,499,53.25897264480591
304,SGD,0.001,l1,1e-05,256,70991.52564391063,499,53.860527992248535
305,SGD,0.001,l2,0.001,256,74280.91448059614,499,54.54410266876221
306,SGD,0.001,l2,0.0001,256,72581.91859356262,499,54.81112051010132
307,SGD,0.001,l2,1e-05,256,72117.80693528509,499,54.62825417518616
308,SGD,0.001,l0,-inf,512,77549.733510351,499,36.61319398880005
309,SGD,0.001,l1,0.001,512,97103.83672905985,499,40.56205487251282
310,SGD,0.001,l1,0.0001,512,79717.30230407375,499,40.2461941242218
311,SGD,0.001,l1,1e-05,512,76379.36694301787,499,39.94012403488159
312,SGD,0.001,l2,0.001,512,78223.2302566956,499,41.10824394226074
313,SGD,0.001,l2,0.0001,512,77084.15339521616,499,41.19027519226074
314,SGD,0.001,l2,1e-05,512,78438.19568908503,499,40.44763660430908
315,SGD,0.001,l0,-inf,1024,97050.38156291663,499,36.117236375808716
316,SGD,0.001,l1,0.001,1024,99110.69114809713,499,37.73628783226013
317,SGD,0.001,l1,0.0001,1024,96691.79674175566,499,38.542447090148926
318,SGD,0.001,l1,1e-05,1024,99903.17649949697,499,37.642332315444946
319,SGD,0.001,l2,0.001,1024,94748.87551784741,499,38.418033599853516
320,SGD,0.001,l2,0.0001,1024,91089.18884262374,499,38.24704670906067
321,SGD,0.001,l2,1e-05,1024,94137.7536306591,499,38.53224182128906
322,SGD,0.001,l0,-inf,2048,108518.69722196819,499,35.821444272994995
323,SGD,0.001,l1,0.001,2048,108314.37887892801,499,36.82360792160034
324,SGD,0.001,l1,0.0001,2048,107833.02107701947,499,37.19231295585632
325,SGD,0.001,l1,1e-05,2048,105963.0152636659,499,37.228907346725464
326,SGD,0.001,l2,0.001,2048,104531.90104670185,499,37.251166105270386
327,SGD,0.001,l2,0.0001,2048,108251.46894184448,499,37.31737780570984
328,SGD,0.001,l2,1e-05,2048,107996.31254427892,499,36.886382818222046
329,SGD,0.001,l0,-inf,inf,111629.39278710159,499,47.41678810119629
330,SGD,0.001,l1,0.001,inf,111740.52848237546,499,47.69838094711304
331,SGD,0.001,l1,0.0001,inf,113392.01801838826,499,48.31035256385803
332,SGD,0.001,l1,1e-05,inf,111324.74308521251,499,48.691845178604126
333,SGD,0.001,l2,0.001,inf,114425.56464584828,499,48.714903593063354
334,SGD,0.001,l2,0.0001,inf,110989.0334476235,499,48.066492557525635
335,SGD,0.001,l2,1e-05,inf,113835.18712754248,499,48.229658365249634
336,SGD,0.0005,l0,-inf,32,66733.67964968525,499,190.62897539138794
337,SGD,0.0005,l1,0.001,32,94344.40601105646,102,50.92562747001648
338,SGD,0.0005,l1,0.0001,32,67244.60321047278,499,249.63319873809814
339,SGD,0.0005,l1,1e-05,32,66631.07840913371,499,247.7148654460907
340,SGD,0.0005,l2,0.001,32,67248.1071370957,499,257.62423062324524
341,SGD,0.0005,l2,0.0001,32,67558.70339426883,499,258.31949281692505
342,SGD,0.0005,l2,1e-05,32,67787.3151196679,499,258.059122800827
343,SGD,0.0005,l0,-inf,64,69153.48478457006,499,107.25457692146301
344,SGD,0.0005,l1,0.001,64,96159.76479856466,199,54.57540678977966
345,SGD,0.0005,l1,0.0001,64,69933.32280938007,499,137.49358224868774
346,SGD,0.0005,l1,1e-05,64,69755.79505173682,499,136.7757592201233
347,SGD,0.0005,l2,0.001,64,70280.66599297874,499,141.32457876205444
348,SGD,0.0005,l2,0.0001,64,70055.60382742407,499,141.24565267562866
349,SGD,0.0005,l2,1e-05,64,69418.84436514284,499,141.25989365577698
350,SGD,0.0005,l0,-inf,128,71187.12884088937,499,64.38075351715088
351,SGD,0.0005,l1,0.001,128,92864.00813392035,393,62.171916007995605
352,SGD,0.0005,l1,0.0001,128,72551.2630395722,499,79.87545204162598
353,SGD,0.0005,l1,1e-05,128,72511.47909869981,499,79.58717155456543
354,SGD,0.0005,l2,0.001,128,73459.35117215409,499,82.54181337356567
355,SGD,0.0005,l2,0.0001,128,73512.88731644026,499,82.37242889404297
356,SGD,0.0005,l2,1e-05,128,73344.771634708,499,82.74757194519043
357,SGD,0.0005,l0,-inf,256,79048.91128326235,499,46.93164396286011
358,SGD,0.0005,l1,0.001,256,94012.44792609054,499,54.219884634017944
359,SGD,0.0005,l1,0.0001,256,75205.05218189281,499,54.47246551513672
360,SGD,0.0005,l1,1e-05,256,79542.51422659554,499,53.795859575271606
361,SGD,0.0005,l2,0.001,256,82955.79621679526,499,55.49765872955322
362,SGD,0.0005,l2,0.0001,256,76876.36158451873,499,55.209938764572144
363,SGD,0.0005,l2,1e-05,256,77445.75730396717,499,55.80846619606018
364,SGD,0.0005,l0,-inf,512,94022.43434430608,499,37.05078387260437
365,SGD,0.0005,l1,0.001,512,106443.13252301334,499,41.36816883087158
366,SGD,0.0005,l1,0.0001,512,93098.58056071846,499,41.161755084991455
367,SGD,0.0005,l1,1e-05,512,95754.54508769553,499,41.06807589530945
368,SGD,0.0005,l2,0.001,512,92727.4009688137,499,42.199326038360596
369,SGD,0.0005,l2,0.0001,512,96077.1754711075,499,41.73958134651184
370,SGD,0.0005,l2,1e-05,512,93453.53886622399,499,41.74452257156372
371,SGD,0.0005,l0,-inf,1024,106257.94457409681,499,36.728941440582275
372,SGD,0.0005,l1,0.001,1024,108850.75997845278,499,39.089667081832886
373,SGD,0.0005,l1,0.0001,1024,106138.41395146548,499,38.689815044403076
374,SGD,0.0005,l1,1e-05,1024,105450.12050628368,499,38.51231145858765
375,SGD,0.0005,l2,0.001,1024,105804.29886425297,499,38.58385133743286
376,SGD,0.0005,l2,0.0001,1024,105814.96535836172,499,38.55877470970154
377,SGD,0.0005,l2,1e-05,1024,106911.13967750415,499,38.608437061309814
378,SGD,0.0005,l0,-inf,2048,109854.28666942577,499,36.91441249847412
379,SGD,0.0005,l1,0.001,2048,110106.63730539291,499,37.97234344482422
380,SGD,0.0005,l1,0.0001,2048,109820.00761760493,499,38.12109637260437
381,SGD,0.0005,l1,1e-05,2048,109751.7972384867,499,38.398717164993286
382,SGD,0.0005,l2,0.001,2048,109920.014015541,499,38.31402945518494
383,SGD,0.0005,l2,0.0001,2048,109301.91028953677,499,39.30103850364685
384,SGD,0.0005,l2,1e-05,2048,112058.20974556958,499,38.7360417842865
385,SGD,0.0005,l0,-inf,inf,116458.69505755177,499,50.439260482788086
386,SGD,0.0005,l1,0.001,inf,120895.0016512648,499,50.0567524433136
387,SGD,0.0005,l1,0.0001,inf,116834.49614962433,499,49.52028512954712
388,SGD,0.0005,l1,1e-05,inf,123045.13264929493,499,50.38482975959778
389,SGD,0.0005,l2,0.001,inf,118101.40742632169,499,50.41727089881897
390,SGD,0.0005,l2,0.0001,inf,115900.07722444319,499,51.95216965675354
391,SGD,0.0005,l2,1e-05,inf,117208.56406602367,499,50.808900117874146
392,SGD,0.0001,l0,-inf,32,74773.58302299412,499,192.60698080062866
393,SGD,0.0001,l1,0.001,32,95628.48728048622,490,248.000901222229
394,SGD,0.0001,l1,0.0001,32,74643.58395993363,499,252.3985481262207
395,SGD,0.0001,l1,1e-05,32,75496.23370015746,499,252.69472122192383
396,SGD,0.0001,l2,0.001,32,74495.3821984741,499,262.6120171546936
397,SGD,0.0001,l2,0.0001,32,73130.97449886211,499,264.41651678085327
398,SGD,0.0001,l2,1e-05,32,74341.26300635474,499,263.9929790496826
399,SGD,0.0001,l0,-inf,64,81798.58189272408,499,107.12808513641357
400,SGD,0.0001,l1,0.001,64,96440.24160337138,499,136.61569619178772
401,SGD,0.0001,l1,0.0001,64,83704.88497844696,499,138.92348074913025
402,SGD,0.0001,l1,1e-05,64,84944.18517922927,499,137.80816960334778
403,SGD,0.0001,l2,0.001,64,83653.74678961621,499,143.47761273384094
404,SGD,0.0001,l2,0.0001,64,79319.37100362421,499,142.65736651420593
405,SGD,0.0001,l2,1e-05,64,82401.76443853947,499,142.6833577156067
406,SGD,0.0001,l0,-inf,128,100245.93803927004,499,64.74441909790039
407,SGD,0.0001,l1,0.001,128,105184.94476128554,499,79.83987498283386
408,SGD,0.0001,l1,0.0001,128,101440.90313635835,499,79.84569430351257
409,SGD,0.0001,l1,1e-05,128,100545.60341990704,499,78.8883945941925
410,SGD,0.0001,l2,0.001,128,99515.03339888416,499,81.79053330421448
411,SGD,0.0001,l2,0.0001,128,98476.72753532168,499,82.88374710083008
412,SGD,0.0001,l2,1e-05,128,102310.33233242853,499,82.37251830101013
413,SGD,0.0001,l0,-inf,256,105687.70414219463,499,46.600773334503174
414,SGD,0.0001,l1,0.001,256,106415.00013836975,499,54.18776035308838
415,SGD,0.0001,l1,0.0001,256,109019.4959591031,499,54.03882575035095
416,SGD,0.0001,l1,1e-05,256,103548.53139281218,499,53.45485830307007
417,SGD,0.0001,l2,0.001,256,108326.83446264995,499,55.924686908721924
418,SGD,0.0001,l2,0.0001,256,108800.27062206194,499,55.483054637908936
419,SGD,0.0001,l2,1e-05,256,108111.24992391579,499,55.0741753578186
420,SGD,0.0001,l0,-inf,512,107465.36949504478,499,36.881213665008545
421,SGD,0.0001,l1,0.001,512,109776.48459528499,499,40.53775596618652
422,SGD,0.0001,l1,0.0001,512,112876.20806399068,499,40.979058504104614
423,SGD,0.0001,l1,1e-05,512,112132.76576971299,499,40.91934943199158
424,SGD,0.0001,l2,0.001,512,108991.4261867069,499,41.58331608772278
425,SGD,0.0001,l2,0.0001,512,112053.01635081501,499,41.94747734069824
426,SGD,0.0001,l2,1e-05,512,111011.19302303705,499,41.59832310676575
427,SGD,0.0001,l0,-inf,1024,111523.44317162385,499,36.758557081222534
428,SGD,0.0001,l1,0.001,1024,112510.98807999994,499,38.58769226074219
429,SGD,0.0001,l1,0.0001,1024,114628.82067200095,499,38.4584059715271
430,SGD,0.0001,l1,1e-05,1024,113740.00538409785,499,38.73810529708862
431,SGD,0.0001,l2,0.001,1024,113692.18627987268,499,38.737059354782104
432,SGD,0.0001,l2,0.0001,1024,111464.98723141376,499,39.235376834869385
433,SGD,0.0001,l2,1e-05,1024,112022.45862817344,499,39.21621608734131
434,SGD,0.0001,l0,-inf,2048,121494.91878983482,499,36.27719783782959
435,SGD,0.0001,l1,0.001,2048,129370.17298675599,499,37.2509183883667
436,SGD,0.0001,l1,0.0001,2048,128458.76204690518,499,37.293317794799805
437,SGD,0.0001,l1,1e-05,2048,124979.51486933818,499,37.389018535614014
438,SGD,0.0001,l2,0.001,2048,121839.71978310963,499,37.40696096420288
439,SGD,0.0001,l2,0.0001,2048,125129.64983500556,499,37.42729449272156
440,SGD,0.0001,l2,1e-05,2048,125909.75142907831,499,37.45900297164917
441,SGD,0.0001,l0,-inf,inf,181146.92534847424,499,49.65660810470581
442,SGD,0.0001,l1,0.001,inf,179097.6547228484,499,50.44947171211243
443,SGD,0.0001,l1,0.0001,inf,183159.23965823057,499,50.68079113960266
444,SGD,0.0001,l1,1e-05,inf,195856.8960635201,499,51.22399663925171
445,SGD,0.0001,l2,0.001,inf,161031.03314560174,499,51.63023781776428
446,SGD,0.0001,l2,0.0001,inf,175834.8180295118,499,51.30805563926697
447,SGD,0.0001,l2,1e-05,inf,163410.34433322487,499,51.39966177940369
448,RMSprop,0.005,l0,-inf,32,56526.12014349511,40,18.763899564743042
449,RMSprop,0.005,l1,0.001,32,69071.27268523512,44,25.772583484649658
450,RMSprop,0.005,l1,0.0001,32,65527.246097899915,34,20.187799215316772
451,RMSprop,0.005,l1,1e-05,32,57593.7003208704,70,40.624789237976074
452,RMSprop,0.005,l2,0.001,32,76284.47189411003,12,8.026699542999268
453,RMSprop,0.005,l2,0.0001,32,67767.26110810596,22,13.812731981277466
454,RMSprop,0.005,l2,1e-05,32,60479.85438183932,54,32.82760047912598
455,RMSprop,0.005,l0,-inf,64,62752.22378888746,35,9.255428075790405
456,RMSprop,0.005,l1,0.001,64,69129.75110775484,90,28.157431602478027
457,RMSprop,0.005,l1,0.0001,64,61731.42198265707,52,16.54249882698059
458,RMSprop,0.005,l1,1e-05,64,60746.33810522601,67,21.158650159835815
459,RMSprop,0.005,l2,0.001,64,74132.22381219752,52,16.883599042892456
460,RMSprop,0.005,l2,0.0001,64,70390.1096423599,19,6.418306112289429
461,RMSprop,0.005,l2,1e-05,64,60893.81695915917,60,19.567018270492554
462,RMSprop,0.005,l0,-inf,128,65453.039745894544,26,3.9334096908569336
463,RMSprop,0.005,l1,0.001,128,78804.96587712638,23,4.410360813140869
464,RMSprop,0.005,l1,0.0001,128,63735.26877286462,70,12.956844329833984
465,RMSprop,0.005,l1,1e-05,128,72470.81015075342,38,7.057721138000488
466,RMSprop,0.005,l2,0.001,128,81223.83542923487,25,4.695439100265503
467,RMSprop,0.005,l2,0.0001,128,87836.02222782276,26,4.902815341949463
468,RMSprop,0.005,l2,1e-05,128,64513.6090738534,24,4.560566425323486
469,RMSprop,0.005,l0,-inf,256,71679.42019428854,47,5.075962781906128
470,RMSprop,0.005,l1,0.001,256,99381.00784395494,25,2.981322765350342
471,RMSprop,0.005,l1,0.0001,256,102973.2863403396,12,1.5027270317077637
472,RMSprop,0.005,l1,1e-05,256,85933.478151128,37,4.5111987590789795
473,RMSprop,0.005,l2,0.001,256,92663.51828250814,23,2.8564507961273193
474,RMSprop,0.005,l2,0.0001,256,81177.26506168972,25,3.1766483783721924
475,RMSprop,0.005,l2,1e-05,256,93901.46641044467,11,1.4182744026184082
476,RMSprop,0.005,l0,-inf,512,76506.29094481916,23,1.9516220092773438
477,RMSprop,0.005,l1,0.001,512,111078.85709264684,11,0.9620370864868164
478,RMSprop,0.005,l1,0.0001,512,92813.79869597053,30,2.6548984050750732
479,RMSprop,0.005,l1,1e-05,512,88550.3313607738,18,1.609849452972412
480,RMSprop,0.005,l2,0.001,512,95252.78569416149,27,2.4203765392303467
481,RMSprop,0.005,l2,0.0001,512,75356.04797129224,31,2.719245672225952
482,RMSprop,0.005,l2,1e-05,512,99388.45804733089,20,1.9095690250396729
483,RMSprop,0.005,l0,-inf,1024,71545.1626156878,24,1.8254573345184326
484,RMSprop,0.005,l1,0.001,1024,86294.38945866405,59,4.753103971481323
485,RMSprop,0.005,l1,0.0001,1024,79066.95089285466,35,2.7655017375946045
486,RMSprop,0.005,l1,1e-05,1024,105075.52523134844,22,1.831634759902954
487,RMSprop,0.005,l2,0.001,1024,80698.48033536437,38,3.1411869525909424
488,RMSprop,0.005,l2,0.0001,1024,81285.50248676015,21,1.7916646003723145
489,RMSprop,0.005,l2,1e-05,1024,384558.0546141187,19,1.661285638809204
490,RMSprop,0.005,l0,-inf,2048,80186.08433212673,26,1.981619119644165
491,RMSprop,0.005,l1,0.001,2048,102170.86866489149,96,7.2822582721710205
492,RMSprop,0.005,l1,0.0001,2048,102670.44768000196,44,3.417093515396118
493,RMSprop,0.005,l1,1e-05,2048,75211.00587647116,51,3.915677785873413
494,RMSprop,0.005,l2,0.001,2048,126043.63808460523,24,1.9681026935577393
495,RMSprop,0.005,l2,0.0001,2048,75634.82270295455,39,2.997246026992798
496,RMSprop,0.005,l2,1e-05,2048,211869.37435637438,43,3.3998425006866455
497,RMSprop,0.005,l0,-inf,inf,158303.02450414805,145,14.670504331588745
498,RMSprop,0.005,l1,0.001,inf,165682.448770889,17,1.8169913291931152
499,RMSprop,0.005,l1,0.0001,inf,351095.10829499,12,1.3127412796020508
500,RMSprop,0.005,l1,1e-05,inf,81018.9502491891,78,7.971820592880249
501,RMSprop,0.005,l2,0.001,inf,121285.79671189202,26,2.6125125885009766
502,RMSprop,0.005,l2,0.0001,inf,90340.32447410196,82,8.413052558898926
503,RMSprop,0.005,l2,1e-05,inf,83151.25288421089,107,10.898956060409546
504,RMSprop,0.001,l0,-inf,32,53328.85225336606,43,20.353763341903687
505,RMSprop,0.001,l1,0.001,32,67754.34888847322,56,32.83300590515137
506,RMSprop,0.001,l1,0.0001,32,64613.17224541723,110,64.87973070144653
507,RMSprop,0.001,l1,1e-05,32,61299.90627893831,96,57.51737689971924
508,RMSprop,0.001,l2,0.001,32,75481.1495972907,25,15.644335269927979
509,RMSprop,0.001,l2,0.0001,32,60144.181426667266,95,57.78168821334839
510,RMSprop,0.001,l2,1e-05,32,55200.895903740275,50,30.677420616149902
511,RMSprop,0.001,l0,-inf,64,56564.836351838945,49,12.616918563842773
512,RMSprop,0.001,l1,0.001,64,69055.69228771783,101,31.83244228363037
513,RMSprop,0.001,l1,0.0001,64,64588.304348230915,95,30.627905130386353
514,RMSprop,0.001,l1,1e-05,64,57346.6565102572,69,21.82627034187317
515,RMSprop,0.001,l2,0.001,64,92192.03759969721,19,6.384399890899658
516,RMSprop,0.001,l2,0.0001,64,58788.03849029744,116,37.82770490646362
517,RMSprop,0.001,l2,1e-05,64,62452.78323463241,103,33.28445839881897
518,RMSprop,0.001,l0,-inf,128,91332.16563158951,18,2.8422341346740723
519,RMSprop,0.001,l1,0.001,128,66984.90497621222,188,33.61809492111206
520,RMSprop,0.001,l1,0.0001,128,62432.976292324776,129,23.30109214782715
521,RMSprop,0.001,l1,1e-05,128,65131.39329793329,34,6.216238021850586
522,RMSprop,0.001,l2,0.001,128,74054.13345688274,20,3.821131706237793
523,RMSprop,0.001,l2,0.0001,128,69549.55137933468,11,2.1781458854675293
524,RMSprop,0.001,l2,1e-05,128,58265.003297025156,67,12.365880489349365
525,RMSprop,0.001,l0,-inf,256,77259.9389909789,19,1.9965081214904785
526,RMSprop,0.001,l1,0.001,256,69187.10673563519,171,19.960978507995605
527,RMSprop,0.001,l1,0.0001,256,72644.94365498757,67,8.011596441268921
528,RMSprop,0.001,l1,1e-05,256,67424.33520087277,63,7.533651113510132
529,RMSprop,0.001,l2,0.001,256,73615.04812338391,19,2.4515185356140137
530,RMSprop,0.001,l2,0.0001,256,75841.51274100383,50,6.034022092819214
531,RMSprop,0.001,l2,1e-05,256,67031.04037228554,18,2.290175437927246
532,RMSprop,0.001,l0,-inf,512,82943.84510413079,27,2.2254879474639893
533,RMSprop,0.001,l1,0.001,512,68283.85689111332,331,28.12934398651123
534,RMSprop,0.001,l1,0.0001,512,70621.70600691586,46,3.9249112606048584
535,RMSprop,0.001,l1,1e-05,512,70701.36397980321,36,3.0753021240234375
536,RMSprop,0.001,l2,0.001,512,71594.87790051485,34,3.0969350337982178
537,RMSprop,0.001,l2,0.0001,512,74523.8509932288,27,2.43778395652771
538,RMSprop,0.001,l2,1e-05,512,74745.30470611235,18,1.6881752014160156
539,RMSprop,0.001,l0,-inf,1024,73839.0698560346,29,2.286848545074463
540,RMSprop,0.001,l1,0.001,1024,84312.86007502837,71,5.694206237792969
541,RMSprop,0.001,l1,0.0001,1024,74594.76907872225,31,2.5489189624786377
542,RMSprop,0.001,l1,1e-05,1024,75276.70903519122,42,3.420630693435669
543,RMSprop,0.001,l2,0.001,1024,76706.66229595676,33,2.8499789237976074
544,RMSprop,0.001,l2,0.0001,1024,72587.68529620454,35,2.818276882171631
545,RMSprop,0.001,l2,1e-05,1024,70405.32537781273,40,3.262289047241211
546,RMSprop,0.001,l0,-inf,2048,74234.41283708501,47,3.711026906967163
547,RMSprop,0.001,l1,0.001,2048,114389.6086349796,8,0.7000446319580078
548,RMSprop,0.001,l1,0.0001,2048,74998.74156609076,39,3.0178520679473877
549,RMSprop,0.001,l1,1e-05,2048,75457.9445584464,27,2.151664972305298
550,RMSprop,0.001,l2,0.001,2048,80503.66108588992,45,3.3699257373809814
551,RMSprop,0.001,l2,0.0001,2048,76307.56177446166,38,3.046987295150757
552,RMSprop,0.001,l2,1e-05,2048,71238.03240202824,55,4.266841411590576
553,RMSprop,0.001,l0,-inf,inf,78601.04642220479,59,5.974157333374023
554,RMSprop,0.001,l1,0.001,inf,112141.72398392399,23,2.3384692668914795
555,RMSprop,0.001,l1,0.0001,inf,100634.13264475657,66,6.836078643798828
556,RMSprop,0.001,l1,1e-05,inf,76587.1890550037,100,10.03693699836731
557,RMSprop,0.001,l2,0.001,inf,81285.71758298157,100,10.282861232757568
558,RMSprop,0.001,l2,0.0001,inf,82130.2634093956,63,6.519500494003296
559,RMSprop,0.001,l2,1e-05,inf,76360.2877707685,68,6.891578912734985
560,RMSprop,0.0005,l0,-inf,32,54994.48587604185,55,26.029603719711304
561,RMSprop,0.0005,l1,0.001,32,116407.5107045784,8,5.225539684295654
562,RMSprop,0.0005,l1,0.0001,32,61390.9760618022,88,51.68118381500244
563,RMSprop,0.0005,l1,1e-05,32,60659.1507212845,50,29.82946467399597
564,RMSprop,0.0005,l2,0.001,32,70637.79908258741,68,41.53184366226196
565,RMSprop,0.0005,l2,0.0001,32,58037.192996920596,77,46.99621534347534
566,RMSprop,0.0005,l2,1e-05,32,56275.27694988973,48,29.4520902633667
567,RMSprop,0.0005,l0,-inf,64,52672.44199465837,57,14.881007671356201
568,RMSprop,0.0005,l1,0.001,64,116799.03641572811,9,3.20292067527771
569,RMSprop,0.0005,l1,0.0001,64,62235.65193797855,110,35.11806035041809
570,RMSprop,0.0005,l1,1e-05,64,55696.03039916542,101,32.15902018547058
571,RMSprop,0.0005,l2,0.001,64,70540.37880485853,19,6.4672932624816895
572,RMSprop,0.0005,l2,0.0001,64,57896.18966301012,136,44.49124312400818
573,RMSprop,0.0005,l2,1e-05,64,55951.54937901946,80,26.112141132354736
574,RMSprop,0.0005,l0,-inf,128,55776.05893808909,56,8.515317678451538
575,RMSprop,0.0005,l1,0.001,128,114205.51926561756,9,1.9161992073059082
576,RMSprop,0.0005,l1,0.0001,128,68296.10502308981,35,6.358473062515259
577,RMSprop,0.0005,l1,1e-05,128,57971.290947579,149,26.786523580551147
578,RMSprop,0.0005,l2,0.001,128,69309.73971720159,18,3.5096843242645264
579,RMSprop,0.0005,l2,0.0001,128,60600.11145450185,110,20.56407070159912
580,RMSprop,0.0005,l2,1e-05,128,59857.548434139266,81,14.955910444259644
581,RMSprop,0.0005,l0,-inf,256,56444.711782454964,57,5.927325963973999
582,RMSprop,0.0005,l1,0.001,256,107779.26770448932,14,1.6904025077819824
583,RMSprop,0.0005,l1,0.0001,256,71723.96062778358,19,2.361732244491577
584,RMSprop,0.0005,l1,1e-05,256,59367.10316042229,170,20.064125299453735
585,RMSprop,0.0005,l2,0.001,256,77155.21378087018,19,2.327056407928467
586,RMSprop,0.0005,l2,0.0001,256,65851.96322739801,62,7.464537858963013
587,RMSprop,0.0005,l2,1e-05,256,66820.78083331081,16,2.0515267848968506
588,RMSprop,0.0005,l0,-inf,512,64695.79737748591,38,3.0673177242279053
589,RMSprop,0.0005,l1,0.001,512,66780.48017261684,499,42.59864664077759
590,RMSprop,0.0005,l1,0.0001,512,70063.59666714512,93,7.937012434005737
591,RMSprop,0.0005,l1,1e-05,512,69700.45897979524,39,3.5778307914733887
592,RMSprop,0.0005,l2,0.001,512,72808.05426068565,27,2.4968132972717285
593,RMSprop,0.0005,l2,0.0001,512,70912.9928070848,20,1.8903112411499023
594,RMSprop,0.0005,l2,1e-05,512,68743.5131973378,42,3.9374074935913086
595,RMSprop,0.0005,l0,-inf,1024,67354.76719409483,45,3.5094804763793945
596,RMSprop,0.0005,l1,0.001,1024,71053.31227318874,499,39.347145557403564
597,RMSprop,0.0005,l1,0.0001,1024,79279.74293059361,37,2.903555393218994
598,RMSprop,0.0005,l1,1e-05,1024,79894.54403862948,32,2.6032066345214844
599,RMSprop,0.0005,l2,0.001,1024,93566.98641960509,19,1.6222739219665527
600,RMSprop,0.0005,l2,0.0001,1024,67987.75229601566,33,2.720472812652588
601,RMSprop,0.0005,l2,1e-05,1024,70895.95036849583,20,1.7496883869171143
602,RMSprop,0.0005,l0,-inf,2048,69676.58097970027,37,2.80911922454834
603,RMSprop,0.0005,l1,0.001,2048,114158.03735620232,13,1.0617427825927734
604,RMSprop,0.0005,l1,0.0001,2048,75277.83522783844,39,3.027374267578125
605,RMSprop,0.0005,l1,1e-05,2048,74083.26943298048,30,2.3449196815490723
606,RMSprop,0.0005,l2,0.001,2048,77146.79580510032,29,2.3148720264434814
607,RMSprop,0.0005,l2,0.0001,2048,69720.93898172556,60,4.762702465057373
608,RMSprop,0.0005,l2,1e-05,2048,71199.0104915677,58,4.519195556640625
609,RMSprop,0.0005,l0,-inf,inf,72859.2362982678,136,14.265608549118042
610,RMSprop,0.0005,l1,0.001,inf,112574.649068716,24,2.561142683029175
611,RMSprop,0.0005,l1,0.0001,inf,84842.64589312252,83,8.489207029342651
612,RMSprop,0.0005,l1,1e-05,inf,75765.48762361692,85,8.746586084365845
613,RMSprop,0.0005,l2,0.001,inf,83261.54987724755,60,6.209772825241089
614,RMSprop,0.0005,l2,0.0001,inf,80955.34886984665,52,5.509277105331421
615,RMSprop,0.0005,l2,1e-05,inf,74874.42957201855,74,7.676568269729614
616,RMSprop,0.0001,l0,-inf,32,54613.39061108318,76,35.739888429641724
617,RMSprop,0.0001,l1,0.001,32,109591.29051442782,11,6.886547565460205
618,RMSprop,0.0001,l1,0.0001,32,62351.266981845394,201,117.22473287582397
619,RMSprop,0.0001,l1,1e-05,32,58331.96351417529,93,54.184834718704224
620,RMSprop,0.0001,l2,0.001,32,69404.11906319347,15,9.644328832626343
621,RMSprop,0.0001,l2,0.0001,32,61724.991654450816,55,33.62348508834839
622,RMSprop,0.0001,l2,1e-05,32,61861.66413697947,31,19.647828102111816
623,RMSprop,0.0001,l0,-inf,64,52536.04135902959,131,33.613075494766235
624,RMSprop,0.0001,l1,0.001,64,67632.52322112053,499,156.8882827758789
625,RMSprop,0.0001,l1,0.0001,64,65834.97285643288,158,49.62470626831055
626,RMSprop,0.0001,l1,1e-05,64,63965.31508820916,84,26.425119638442993
627,RMSprop,0.0001,l2,0.001,64,70185.17725738794,32,10.633102178573608
628,RMSprop,0.0001,l2,0.0001,64,65345.35590700948,56,18.281266450881958
629,RMSprop,0.0001,l2,1e-05,64,59385.819966694515,54,17.790961503982544
630,RMSprop,0.0001,l0,-inf,128,56407.91185084185,75,11.578626155853271
631,RMSprop,0.0001,l1,0.001,128,69610.90224604945,499,88.76172947883606
632,RMSprop,0.0001,l1,0.0001,128,62544.19416493882,499,88.78120279312134
633,RMSprop,0.0001,l1,1e-05,128,65886.35540076252,45,8.207368850708008
634,RMSprop,0.0001,l2,0.001,128,75281.36944930282,26,4.977787256240845
635,RMSprop,0.0001,l2,0.0001,128,61547.226701453605,75,13.947144031524658
636,RMSprop,0.0001,l2,1e-05,128,56801.61839141667,105,19.371857404708862
637,RMSprop,0.0001,l0,-inf,256,56988.97311760682,97,10.167616128921509
638,RMSprop,0.0001,l1,0.001,256,74622.46148092579,67,8.119187355041504
639,RMSprop,0.0001,l1,0.0001,256,70575.03517326183,63,7.572612524032593
640,RMSprop,0.0001,l1,1e-05,256,61066.486583462734,162,19.064693450927734
641,RMSprop,0.0001,l2,0.001,256,68871.66362419566,28,3.4168035984039307
642,RMSprop,0.0001,l2,0.0001,256,64444.1216401863,37,4.491529226303101
643,RMSprop,0.0001,l2,1e-05,256,69567.68331773145,40,5.080873250961304
644,RMSprop,0.0001,l0,-inf,512,62625.549676466464,83,6.595787048339844
645,RMSprop,0.0001,l1,0.001,512,76284.28700278733,95,8.245303869247437
646,RMSprop,0.0001,l1,0.0001,512,74220.90332589575,37,3.236829996109009
647,RMSprop,0.0001,l1,1e-05,512,67116.16485261032,76,6.758642911911011
648,RMSprop,0.0001,l2,0.001,512,68330.2432351013,48,4.33282208442688
649,RMSprop,0.0001,l2,0.0001,512,63509.30953927642,82,7.253343105316162
650,RMSprop,0.0001,l2,1e-05,512,63271.30361428593,55,5.049041271209717
651,RMSprop,0.0001,l0,-inf,1024,64235.593859550674,63,4.7926459312438965
652,RMSprop,0.0001,l1,0.001,1024,77118.70020264282,166,13.168720960617065
653,RMSprop,0.0001,l1,0.0001,1024,79184.75724745925,74,5.959164381027222
654,RMSprop,0.0001,l1,1e-05,1024,69506.67772536403,50,3.9914119243621826
655,RMSprop,0.0001,l2,0.001,1024,71493.63010147374,83,6.694579839706421
656,RMSprop,0.0001,l2,0.0001,1024,69388.69860690006,70,5.738511800765991
657,RMSprop,0.0001,l2,1e-05,1024,64173.84581242023,103,8.22848391532898
658,RMSprop,0.0001,l0,-inf,2048,69464.89310880523,53,3.9507319927215576
659,RMSprop,0.0001,l1,0.001,2048,106034.46660838896,30,2.481783151626587
660,RMSprop,0.0001,l1,0.0001,2048,76656.74663912127,44,3.34481143951416
661,RMSprop,0.0001,l1,1e-05,2048,68744.46179649304,48,3.802680492401123
662,RMSprop,0.0001,l2,0.001,2048,74508.83525238132,55,4.33339262008667
663,RMSprop,0.0001,l2,0.0001,2048,71620.87542678078,92,7.2639830112457275
664,RMSprop,0.0001,l2,1e-05,2048,69158.58236274007,52,4.125292062759399
665,RMSprop,0.0001,l0,-inf,inf,66100.69292691034,499,51.074162006378174
666,RMSprop,0.0001,l1,0.001,inf,82301.79417518,499,51.68784761428833
667,RMSprop,0.0001,l1,0.0001,inf,76908.28687661415,170,17.708937644958496
668,RMSprop,0.0001,l1,1e-05,inf,67890.07219917286,499,51.98536133766174
669,RMSprop,0.0001,l2,0.001,inf,71358.35277270187,487,50.712071657180786
670,RMSprop,0.0001,l2,0.0001,inf,68067.47416546477,499,52.35051608085632
671,RMSprop,0.0001,l2,1e-05,inf,73408.66576014801,92,9.824371099472046
